"The 48 Laws of Power by Robert Greene (Paperback, 1st Edition, 2000)"
Books by Genre 10 LBS (Pounds) Box Value Lot Sorted Hardback / Paperback MIX SET
Trading in the Zone: Master the Market Confidence (PAPERBACK) by Mark Douglas FS
Louis L'Amour Western*Build A Lot*BIG SHIPPING DISCOUNT For 2+ Books*140 Titles
Complete Series American Girl Doll Book You pick the book chapter kid books
Harry Potter You chose the book Complete set 1-8 Fiction paperback only -GOOD
THE PSYCHOLOGY OF MONEY (PAPERBACK) - MORGAN HOUSEL Free Shipping
GARDEN DESIGN BOOK By JOHN BROOKES
*BUILD YOUR OWN* Magic Tree House Books / Research Guides Osborne - YOU CHOOSE 
BUILD A BOOK LOT: Nancy Drew Mystery Glossy Flashlight HC: CHOOSE TITLES: Keene
Satanic Bible: Anton LaVey by Anton LaVey Paperback Book The Cheap Fast Free
Louis L'Amour Paperback Books Select 1 or more $2.50 +
"King of Pride by Ana Huang (2023, Trade Paperback)"
Bianca Sparacino 2 Books Set: Gentle Reminder & Strength In Our Scars (English)
"Outlive: The Science & Art of Longevity by Peter Attia (English, Paperback)"
Little golden books 5 lot vintage collectable Disney Random Christmas kids
Assorted Pathfinder P1 & P2  Adventure Paths:  You Choose
Virgin River Contemporary Romance Books You Pick Titles Mass Market Paperbacks
Viz: The Full Toss v. 12 (Viz annual) by Viz Hardback Book The Cheap Fast Free
"The Sunrise, Hislop, Victoria, Used; Good Book"
BUILD A BOOK LOT: Nancy Drew Mystery VINTAGE MATTE HC: CHOOSE TITLES: Keene
"DANIEL SILVA BOOKS You Choose  GABRIEL ALON series, PB, discount w/ multiple"
Audiobooks books on CD
BUILD YOUR OWN LOT: Clive Cussler Paperback - All books + Dirk Pitt Series 
Built to Move by Kelly Starrett (2023)
BUILD A BOOK LOT: Nancy Drew Mystery VINTAGE cover: CHOOSE TITLES: Keene
BUILD A BOOK LOT: Hardy Boys Detective Story VINTAGE MATTE: CHOOSE TITLES: Dixon
LongArm Western Paperback Books U-Pick $2.50
Complete lot of 10 random Junie B. Jones Chapter books Set Paperback Children 
Bianca Sparacino 2 Books Set: Gentle Reminder & Strength In Our Scars (English)
Howl's Moving Castle: 1 (World of Howl) [Premium Leather Bound]
The Mountain Is You & 101 Essays That Will Change Set of 2 book Paperback FS
Crying in H Mart: A Memoir by Michelle Zauner (2021)
"Life of Crime: The gripping No 1 Sunday Times bestsell... by Chambers, Kimberley"
"JANET EVANOVICH - Build your own lot, Paperback and Hardcover *YOU CHOOSE*"
"Street Hawk Annual 1986,"
"I Will Find You: From the #1 bestselling creator of... by Coben, Harlan Hardback"
BUILD A BOOK LOT: Legend of Drizzt: CHOOSE TITLE: Forgotten Realms R A Salvatore
"Getting Over You By Leslie B (Trade Paperback, English) Brand New Book"
MINECRAFT HANDBOOK PB LOT OF 4 BOOKS!! *FREE SHIPPING*  B-14 #371
Create Your Own Lot of Beverly Cleary Books!
Jack Reacher A series by Lee Child - Contacting buying
Little Critter I Can Read  Lot of 8 Books by Mercer Mayer - Random 
BUILD YOUR OWN LOT Captain Underpants  books ~ DAV PILKEY *YOU CHOOSE* 
Happy Place (Paperback) by Emily Henry
Vintage Babysitters Club Chapter Books *Your CHOICE OF 1* Volumes 51-57 & 69-73
"Freedom From Emotional Eating(CD+DVD) by McKenna, Paul Book The Cheap Fast Free"
ROBERT B PARKER Books - You Choose Your Titles $1.50 Each
MAGIC TREE HOUSE by Mary Pope Osborne - Build-A-Lot
"Kid Christmas: of the Claus Brothers Toy Shop,David Litchfield"
Kids First Learning Books Age 3-4 Reading Writing Numbers ABC Shapes Colour copy
"Blankets by Thompson, Craig Paperback Book The Cheap Fast Free Post"
The Women's Institute Book of Home Cooking Book The Cheap Fast Free Post
FRANKLIN THE TURTLE Books - Your Choice $1.50 Each - Paperback
Kids Learning Books Book ABC Numbers Writing Maths Wipe Clean Pages Fast Ship
"The Son of Neptune (Heroes of Olympus Book 2),Rick Riordan"
"The Real Diana by Campbell, Colin Lady Hardback Book The Cheap Fast Free Post"
LOUIS L'AMOUR LEATHERETTE BOOKS *You choose drop down EUC *freeship *updatedlist
Hello Beautiful (Oprah's Book Club) by Ann Napolitano - 2023
The Measure: A Read with Jenna Pick by Nikki Erlick (2022)
Demon Copperhead: A Pulitzer Prize Winner by Barbara Kingsolver (2022)
Only the Dead: A Thriller (Terminal List Book 6) by Jack Carr 
Quran - (English Translation only) by Maulana Wahiddudin Khan 
"Mein Star Band 1 - 8 Manga, deutsch"
Lisa by Lisa Curry  (2022) - Hardcover - Free Postage
Master Your Emotions: A Practical Guide to Overcome Negativity
"Book Bundle & Save! NEW - Authors Like V.E. Schwab, Jennifer Armentrout, & More!"
The End of the World is Just the Beginning by Peter Zeihan (2022)
The Boys from Biloxi: A Legal Thriller by John Grisham 2022
Sarah J Maas Collection - Contacting a seller before buying
PATANJALI PACAHK and TOOTHPASTE  set
You Shouldn’t Have Come Here by Jeneva Rose (2023)
"Enzo Calzaghe: A Fighting Life by Calzaghe, Enzo Book The Cheap Fast Free Post"
"Legally Claim Free Land, Woodand & Property"
Shop on eBay
The Mountain Is You & 101 Essays That Will Change Set of 2 book Paperback FS
"Getting Over You By Leslie B (Trade Paperback, English) Brand New Book"
"King of Pride (Kings of Sin: Book 2) by Ana Huang (English, Paperback)"
"Legally Claim Free Land, Woodand & Property"
The Boys from Biloxi: A Legal Thriller by John Grisham 2022
Sarah J Maas Collection - Contacting a seller before buying
PATANJALI PACAHK and TOOTHPASTE  set
You Shouldn’t Have Come Here by Jeneva Rose (2023)
"8 Rules of Love: How to Find It, Keep It, and Let It Go by Jay Shetty "
The Maid by Nita Prose (2022)
Doc Savage Bantam Paperbacks- You Pick- Unread With Uncracked Spines
Summer on Sag Harbor (Summer Beach Book 2) by Sunny Hostin (2023)
The STEPHANIE PLUM Series by Janet Evanovich (33 Audiobooks 241 hrs)
"12 Rules for Life an Antidote to Chaos by Jordan B. Peterson (English,Paperback)"
Trading in the Zone and The Disciplined Trader (PAPERBACK) by Mark Douglas
"A Little Life: Hanya Yanagihara (Pi..., Yanagihara, Han"
The DRESDEN FILES Series By Jim Butcher (19 AudiobookS 253 hr Collection)
"The Pipe Fitters Blue Book by W. V. Graves AUTHENTIC The ""Pipe Blble"" "
All Your Perfects by Colleen Hoover 
Stuart Barker Ragged Edge (Paperback)
The New Trading for a Living by Alexander Elders paperback
Terra-Infinita:  Extraterrestrial Worlds And Their Civilizations
Local Woman Missing by Mary Kubica 2021
"Los demonios del Eden / The Demons of Eden (Spanish Edition) by Cacho, Lydia"
Lifespan by David Sinclair (2019)
Stephanie Garber Once Upon A Broken Heart (Paperback) Once Upon a Br (UK IMPORT)
LOUIS L'AMOUR ~ LEATHERETTE BOOKS ~ *You choose drop down * ~ Brand New ~ Set 2
Burner (Gray Man Book 12) by Mark Greaney 
Magic Tree House Kids Books bundle you pick the book Complete Set Chapter Books
Lot of 10 Danielle Steel Romance Mass Market Paperback Books MIX
1462 The Gutenberg Bible Latin Vulgate [Leather Bound]
"Book Bundle & Save! NEW - Authors Like V.E. Schwab, Jennifer Armentrout, & More!"
"Sticker Dolly Dressing Mermaids By Fiona Watt, Antonia Miller"
The Lesser Key Of Solomon
"LOT: 10 Kids Picture/Story BOOKS IN SPANISH Random Titles ESL Bilingual,Espanol"
Joey Diaz Tremendous (Hardback)
The Scriptures: Institute For Scripture Research (ISR) Bible
A Guide to the Project Management Body of Knowledge (PMBOK Guide) by Project Man
"At The Existentialist Café: Freedom, Being, and Apricot C... by Bakewell, Sarah"
Shrimad Bhagavad Gita Geeta Gita Press English Edition Hindu Holy Book Free Ship
"The Wordsworth Dictionary of the Underworld (Wor... by Partridge, Eric Paperback"
FRANKLIN THE TURTLE Books - Your Choice $1.50 Each - Paperback
I'm glad my Mom Died by Jennette McCurdy Hardcover Book
The Only Survivors by Megan Miranda 
22 Seconds (A Women's Murder Club Thriller) by James Patterson 
los secretos de la mente millonaria libro en español spanish espanol book
"Yuichi Hiiragi Please Put Them On, Takamine-san, Vol. 1 (Paperback)"
"Hide and Seek: DI Helen Grace 6 (Detective Inspector Helen ... by Arlidge, M. J."
"Born Standing Up: A Comic's Life by Martin, Steve Book The Cheap Fast Free Post"
Novels and Story Collections by Clive Barker (30 audiobook 325hr Collection)
"Harold by Steven Wright (2023, Hardcover / Hardcover)"
John Noble Lonely Planet Pocket Valencia (Paperback) Pocket Guide
"The Son of Neptune (Heroes of Olympus Book 2),Rick Riordan"
"Outlive: The Science & Art of Longevity by Peter Attia (English, Paperback)"
What Lies Between Us by John Marrs (2020)
David Grann Killers of the Flower Moon (Paperback)
John Kirkwoods Pro Food Homemade Recipe Book 3
"A Beautiful Wedding (BEAUTIFUL SERIES), McGuire 9781471133565 Free Shipping+-"
Western PB Books $1.50 Each William W JOHNSTONE - Jensen MacCallister Gunfighter
Greek and Roman Architecture by Robertson Paperback Book The Cheap Fast Free
"The Graveyard Book by Gaiman, Neil Paperback Book The Cheap Fast Free Post"
"The Great British Pub Quiz Book,"
"Simple Cakes by Berry, Mary Book The Cheap Fast Free Post"
"The Sentence is Death: A mind-bending murder mystery fro... by Horowitz, Anthony"
"Asterix Cauldron BK 17 PKT (Knight Books) by Goscinny, René Paperback Book The"
"Trainspotting by Welsh, Irvine Paperback Book The Cheap Fast Free Post"
"The Last Kingdom (The Last Kingdom Series, Book 1) by Cornwell, Bernard Book The"
"The Whittiers, Steel, Danielle"
Satanic Bible: Anton LaVey by Anton LaVey Paperback Book The Cheap Fast Free
NIV Popular Hardback Bible (New Internationa... by International Versio Hardback
Wheels of Life: A User's Guide to the Chakra Syste... by Anodea Judith Paperback
"Herbal Remedies by Shaw, Non Paperback Book The Cheap Fast Free Post"
"The Batch Lady: Simple, freezable, and budget friendly... by Mulholland, Suzanne"
The Art of War by Sun Tzu 2017 Slim Paperback Publisher Return
Meet the Boffee Bears (The Boffee Bears Series) by Stephen Attmore Book The
Shop on eBay
Ask Your Guides: How to Contact your Angels and ... by Sonia Choquette Paperback
Little Critter I Can Read  Lot of 8 Books by Mercer Mayer - Random 
Lot of 10 Level 1 -Step into Reading - My First- I Can Read-Learn Books-MIX
"How to Talk to Anyone: 92 Little Tricks for Big Su... by Lowndes, Leil Paperback"
"Soup Maker Recipe Book: 100 Delicious & Nutritious Soup Recipes by Green, Liana"
"Outlive: The Science & Art of Longevity by Peter Attia (English, Paperback)"
"Once Upon a Tome: The misadventures of a rare b... by Darkshire, Oliver Hardback"
What Lies Between Us by John Marrs (2020)
"State of Terror by Penny, Louise Book The Cheap Fast Free Post"
"Black Spring, Miller, Henry"
David Grann Killers of the Flower Moon (Paperback)
John Kirkwoods Pro Food Homemade Recipe Book 3
"A Beautiful Wedding (BEAUTIFUL SERIES), McGuire 9781471133565 Free Shipping+-"
50 shades of grey trilogy book set complete 3 books
Lot of 20 Large Trade Literature Fiction Paperback BestSeller UNSORTED Mix Books
"RHS Practical House Plant Book: Choose The Best, Disp... by Royal Horticultural "
Western PB Books $1.50 Each William W JOHNSTONE - Jensen MacCallister Gunfighter
"Step By Step Origami : by Biddle, Megumi Hardback Book The Cheap Fast Free Post"
"The Graveyard Book by Gaiman, Neil Paperback Book The Cheap Fast Free Post"
"The Great British Pub Quiz Book,"
"The Sentence is Death: A mind-bending murder mystery fro... by Horowitz, Anthony"
"Asterix Cauldron BK 17 PKT (Knight Books) by Goscinny, René Paperback Book The"
"Trainspotting by Welsh, Irvine Paperback Book The Cheap Fast Free Post"
"The Last Kingdom (The Last Kingdom Series, Book 1) by Cornwell, Bernard Book The"
"The Whittiers, Steel, Danielle"
Satanic Bible: Anton LaVey by Anton LaVey Paperback Book The Cheap Fast Free
Complete French Learn French With by Graham  Gaelle Book The Cheap Fast Free
NIV Popular Hardback Bible (New Internationa... by International Versio Hardback
"Take Your Breath Away: From the international bestselling... by Barclay, Linwood"
Fatal Last Words (Skinner 19) By Quintin Jardine. 9780755348855
RANDOM LOT OF 5 Captain Underpants Paperback Books by Dav Pilkey
80 Books - Herbs Remedies -Herbal Herbalism Medicine Homeopathic USB FLASH DRIVE
Wheels of Life: A User's Guide to the Chakra Syste... by Anodea Judith Paperback
Everything Origami (Binder) Hardback Book The Cheap Fast Free Post
"The Batch Lady: Simple, freezable, and budget friendly... by Mulholland, Suzanne"
The Victorian Kitchen Garden by Jennifer Davies Hardback Book The Fast Free
A Rule Against Murder (Chief Inspector Gamache) by Louise Penny Book The Cheap
Meghan and Harry: The Real Story by Lady Colin Campbell Book The Cheap Fast Free
"Lies Of Locke Lamora by Lynch, Scott Book The Cheap Fast Free Post"
"A Fever in the Heartland by Timothy Egan (2023, Hardcover)"
"ABC (Letterland Picture Books) (Letterland Picture B... by Wendon, Lyn Paperback"
Carbs & Cals: A Visual Guide to Carbohydrate & Cal... by Yello Balolia Paperback
"Love You Forever by Munsch, Robert Paperback Book The Cheap Fast Free Post"
The Chilbury Ladies’ Choir By Jennifer Ryan
First Thousand Words in English (Usborne First Thousand Word... by Heather Amery
"How to Win Friends and Influence People by Carnegie, Dale Paperback Book The"
The Little Prince by Antoine De Saint-Exupery Paperback Book The Cheap Fast Free
"Mrs Hinch: Life in Lists: The Little Book of Lists 2 by Hinch, Mrs Book The"
Martin Luther King by Godfrey Hodgson Paperback Book The Cheap Fast Free Post
The Ultimate Koi Hardback Book The Cheap Fast Free Post
Hell and Back: A Longmire Mystery by Craig Johnson
"The Nameless Ones: A Charlie Parker Thriller. A Charlie Par... by Connolly, John"
"Fish, Fishing And the Meaning of Life Hardback Book The Cheap Fast Free Post"
"Supertato: Books Are Rubbish!: World Book Day 2020 by Linnet, Paul Book The"
"Radical Acceptance: Awakening the Love that Heals Fe... by Brach, Tara Paperback"
"Stone Soup; Aladdin Picture Books - 9780689711039, paperback, Marcia Brown"
"The Help by Stockett, Kathryn Paperback Book The Cheap Fast Free Post"
"The Very Hungry Caterpillar's Little Book: Eric Carle by Carle, Eric Book The"
"The Count of Monte Cristo by Alexandre Dumas (P... by Dumas, Alexandre Paperback"
"Sign Language Companion: A Handbook of British Signs... by Smith, Cath Paperback"
What the Ladybird Heard by Julia Donaldson Paperback Book The Cheap Fast Free
"Confessions of a Long Distance Lorry Driver by Lea, Timothy Paperback Book The"
"The Picture of Dorian Gray (Penguin Classics) by Wilde, Oscar Paperback Book The"
"The Screwtape Letters by Lewis, C. S. Paperback Book The Cheap Fast Free Post"
"Atonement by McEwan, Ian Hardback Book The Cheap Fast Free Post"
Broken by Martina Cole Paperback Book The Cheap Fast Free Post
"The Little Book of Whittling: Passing Time on the Trail, o... by Chris Lubkemann"
Hollow City: The Second Novel of Miss Peregrine's Children (M... by Ransom Riggs
Thelwell's Brat Race by Norman Thelwell Hardback Book The Cheap Fast Free Post
150 Gluten-Free Recipes: Inspired Ideas for Everyday Cooking (150 Recipes) Book
"Mary Berry's Complete Cookbook by Berry, Mary Hardback Book The Cheap Fast Free"
"Disney Frozen (Treasure Cove Story), Centum Books Ltd"
The Official DVSA Theory Test for Motorcyclists Book by Driver & Vehicle Standar
Mega Large Print Word Search Book - Wordsearch Puzzle Books A4 Quiz Puzzle Adult
"Forrest Mims, RadioShack Engineer's Mini Notebooks Learning Books CD DVD H47"
Shop on eBay
The Five People You Meet In Heaven By Mitch Albom. 9780751536829
"Mist Over Pendle by Neill, Robert Paperback Book The Cheap Fast Free Post"
Malmesbury Lace By Joan Blanchard
Return to the Little Coffee Shop of Kabul By Deborah Rodriguez
"Impro (Performance Books) by Johnstone, Keith Paperback Book The Cheap Fast Free"
"Deadland: the second ingeniously unguessable thriller in the... by Shaw, William"
Bikers' Britain: Great Motorbike Rides (AA) by AA Publishing Book The Cheap Fast
Reasons to Stay Alive: Matt Haig by Matt Haig Book The Cheap Fast Free Post
BOOK POWERS OF THE PSALMS BY ANNA RIVA - 150 PSALMS INCLUDED (PAPERBACK)
"The Complete Book of the Flower Fairies by Barker, Cicely Mary Hardback Book The"
"Simply Raymond: Recipes from Home - The Sunday Times Bestse... by Blanc, Raymond"
"Room on the Broom by Donaldson, Julia Paperback Book The Cheap Fast Free Post"
"Bacon (Taschen Basic Art Series) by Ficacci, Luigi Hardback Book The Cheap Fast"
In the Midst of Life By Jennifer Worth. 9780753827529
"Weeds (Gaia Organic Basics) by Ryrie, Charlie Paperback Book The Cheap Fast Free"
"Alan Titchmarsh How to Garden: Growing Roses (H... by Titchmarsh, Alan Paperback"
World War Two (History of Modern World Series) by Robert John Hoare Book The
"Ways of Seeing: Based on the BBC Television Series by Berger, John Paperback The"
"Beowulf by Morpurgo, Sir Michael Paperback Book The Cheap Fast Free Post"
"RSPB Handbook of British Birds by Cleeves, Tim Book The Cheap Fast Free Post"
The Practical Encyclopedia of Calligraphy: Everythi... by Janet Mehigan Hardback
"Simple Cakes by Berry, Mary Book The Cheap Fast Free Post"
"Fashion Sourcebook - 1930s (Fashion Sourcebooks) by Peacock, John Paperback The"
The Little Moroccan Cookbook: More than 80 tempting recipes ... by Murdoch Books
"Twisting My Melon: The Autobiography by Ryder, Shaun Book The Cheap Fast Free"
"The Little Prince (Piccolo Books) by Saint-Exupery, Antoine de Paperback Book"
Aesop's Fables by Aesop Hardback Book The Cheap Fast Free Post
"Hidden Histories: A Spotter's Guide to the British Landsc... by Ochota, Mary-Ann"
Anne Frank: The Diary of a Young Girl by Otto H. Frank and Mirjam Pressler Book 
"Dinotopia: The World Beneath by Gurney, James Hardback Book The Cheap Fast Free"
STAR TREK Paperback Pocket Books 1980's-Present
THE BOOK OF FIVE RINGS Miyamoto Musashi Deluxe Compact Illustrated Hardcover NEW
"Cruel to Be Kind: Saying no can save a child's life by Glass, Cathy Book The"
"ABC (Letterland) by Wendon, Lyn Hardback Book The Cheap Fast Free Post"
"This Is How It Always Is: A REESE'S BOOK CLUB PICK by Frankel, Laurie Book The"
"A Curse So Dark and Lonely: Brigid Kemmerer (The Cursebre... by Kemmerer, Brigid"
Roadcraft: The Police Driver's Handbook by Police Foundation Book The Cheap Fast
"A Moveable Feast (Vintage Classics) by Hemingway, Ernest Paperback Book The"
PICK-A-BOOK LOT: John Sandford lot - paperback - Thriller PICK YOUR OWN 
Jin Yong's Novel Set-Chinese Martial Arts Novel Books 金庸作品集: 神鵰俠侶/笑傲江湖/雪山飛狐/飛狐外傳
"Existentialism and Humanism by Sartre, Jean-Paul Paperback Book The Cheap Fast"
"Dispatches (Picador) by Herr, Michael Paperback Book The Cheap Fast Free Post"
"Self-Care for the Real World: Practical self-care adv... by Phillips, Katia Nara"
Victorian Pharmacy Remedies and Recipes by Jane Eastoe Hardback Book The Fast
"The English Roses by Austin, David Hardback Book The Cheap Fast Free Post"
Water Colour Landscapes (How to Paint) by Gwen Scott Paperback Book The Cheap
"Forever Young: A Memoir by Mills, Hayley Book The Fast Free Shipping"
"A Night to Remember: The Classic Bestselling Account of the S... by Lord, Walter"
"The Dairy Book of Home Cookery by Allison, Sonia. Book The Cheap Fast Free Post"
"Inheritance: The new novel from the author of Richard & Judy... by Eclair, Jenny"
"RHS Practical House Plant Book: Choose The Best, Disp... by Royal Horticultural "
The Room by Hubert Selby Jr Paperback Book The Cheap Fast Free Post
"Odd Thomas (Odd Thomas 1) by Koontz, Dean Paperback Book The Cheap Fast Free"
"The Princess and the Frog (Disney Pocketbook), Various"
"Blonde by Oates, Joyce Carol Paperback Book The Cheap Fast Free Post"
"A Little Princess (Charming Classics), Burnett, Frances"
"The Assassins: A Radical Sect in Islam by Lewis, Bernard Paperback Book The"
Crime and Punishment (Penguin Popular Classics) by Fyodor Dostoyevsky Paperback
Your Putting Solution: A Tour-Proven Approach to M... by David DeNunzio Hardback
"Rowley Jefferson's Awesome Friendly Spooky Stories (Rowley Je... by Kinney, Jeff"
"The Great British Bucket List: Utterly Unmissable Bri... by Madden FRGS, Richard"
"The Poet : Every Rhyme Means Death by Connelly, Michael Book The Cheap Fast Free"
"Withnail and I (the screenplay) 10th anniversary... by Robinson, Bruce Paperback"
"The World as Will and Representation, Vol. ... by Schopenhauer, Arthur Paperback"
"A Family Torn Apart: Three sisters and..., Glass, Cathy"
Knowledge Encyclopedia Space!: The Universe as You've Never Seen it Bef... by DK
"Loki: A Bad God's Guide to Being Good by Stowell, Louie Book The Cheap Fast Free"
The Pearl Necklace: Viz Annual by Viz Hardback Book The Cheap Fast Free Post
"Companion Planting by Bird, Richard Hardback Book The Cheap Fast Free Post"
"Vogue Cocktails by McNulty, Henry Hardback Book The Cheap Fast Free Post"
"Cat Kid Comic Club: Perspectives: from ..., Pilkey, Dav"
"Greek Mythology: Gods and Heroes, Iliad, Odyssey by Marilena Carabatea Book The"
The Invisible Life of Addie LaRue by V. E. Schwab (2020)
Jeff Ashworth The Game Master's Book of Random Encounters (Hardback)
"Skillful Rowing by Mcneely, Edward Paperback Book The Cheap Fast Free Post"
Shop on eBay
"The Liz Taylor Ring, Janowitz, Brenda"
PICK-A-BOOK LOT: John Sandford lot - paperback - Thriller PICK YOUR OWN 
Jin Yong's Novel Set-Chinese Martial Arts Novel Books 金庸作品集: 神鵰俠侶/笑傲江湖/雪山飛狐/飛狐外傳
Ration Book World War 2 Home Front 1939-1945 Food Office Rationing Making Do
"Syd Barrett: A Very Irregular Head by Chapman, Rob Paperback Book The Cheap Fast"
"The Boy from Nowhere: A gritty saga of the search... by Goodwin, Rosie Paperback"
Songs of Love and War (The Deverill chronicles) by Santa Montefiore Book The
"Dad Jokes: Terribly Good Dad Jokes: 1 by The Love Gifts, Share Book The Cheap"
"50 Walks in the Lake District by Bagshaw, Chris Paperback Book The Cheap Fast"
"Transformers the Movie (Transformers S.) by Grant, John Hardback Book The Cheap"
"Wasted by Johnson, Mark Paperback Book The Cheap Fast Free Post"
"The Hong Kong Diaries, Patten, Chris"
Art: The Whole Story Paperback Book The Cheap Fast Free Post
U. S. Acres Hams It Up Paperback Jim Davis
Disney Movie Collection Moana: A Special Disney Storybook Series by Parragon The
Sherlock Holmes **Build Your Own Lot**BRAND NEW**Graphic Novels**
"Wizard (Orbit Books), varley, john"
"The Vicar of Nibbleswicke (Puffin Books) by Dahl, Roald Paperback Book"
Silent Sisters by Joanne Lee Book The Cheap Fast Free Post
The Ancient Egyptian Book of the Dead by Andrews Paperback Book The Cheap Fast
"Soup Maker Recipe Book: 100 Delicious & Nutritious Soup Recipes by Green, Liana"
"The Lovely Bones by Sebold, Alice Paperback Book The Cheap Fast Free Post"
"The FODMAP Navigator: Low-FODMAP Diet charts with ratings of... by Storr, Martin"
"How to Bake by Hollywood, Paul Book The Fast Free Shipping"
"Kings of the Wyld: The Band, Book One by Nicholas Eames Book The Cheap Fast Free"
"My Cousin Rachel (Virago Modern Classics) by Du Maurier, Daphne Paperback Book"
Blankets and Throws to Knit: Patterns and Piecin... by Debbie Abrahams Paperback
"The Strange Death of Europe: Immigration, Identity, Islam by Murray, Douglas The"
99 BOOKS - Tennessee History & Genealogy TN - Rare Early Old Civil War - CD/DVD
"Vintage Herbal Remedies, Herbs Herbalism, Homeopathic Medicines 96 books DVD B59"
"Сказать жизни ""Да!"": психолог в концлагере Виктор Франкл Book in Russian"
More Memories of Bradford by True North Books Ltd Paperback Book The Cheap Fast
"Uncommon Ground: Living Faithfully in a World of Dif... by Inazu, John Paperback"
"A Cornish Gift by Britton, Fern Book The Cheap Fast Free Post"
"The Mammoth Book of Tattoos (Mammoth Books) by Hardy, Lal Paperback Book The"
"The Diary of Two Nobodies by Wood, Giles Book The Cheap Fast Free Post"
101 Hits for Buskers: Book 3 - Piano/Organ Edition Paperback Book The Cheap Fast
"Hell's Angels (Penguin Modern Classics) by Thompson, Hunter S. Paperback Book"
German books
"What Cats Want: An Illustrated Guide for Truly Understand... by Hattori, Dr Yuki"
"Eagle's Nest (New Avengers S.) by Carter, John Paperback Book The Cheap Fast"
"Klara and the Sun: Sunday Times Number One Bestseller by Ishiguro, Kazuo Book"
"Slinky Malinki, Open the Door (Hairy Maclary and Fr... by Dodd, Lynley Paperback"
The Hairy Bikers' Meat Feasts: With Over 120 Delicious Recipe... by Hairy Bikers
Flip Flap Phonics: 1 by Lyn Wendon Book The Cheap Fast Free Post
"The Complete Book of Tatting by Jones, Rebecca Book The Fast Free Shipping"
"True Happiness: Exposition of Psalm One by Lloyd-Jones, D. M. Paperback Book The"
The Out-Of-Sync Child: Recognizing and Coping with Se... by Carol Stock Kranowit
"Goodnight Tractor by Robinson, Michelle Book The Cheap Fast Free Post"
Viz: The Dog's Bollocks- The Best of Issues 26 to 31 Paperback Book The Cheap
"Kink: An Autobiography by Davies, Dave Hardback Book The Cheap Fast Free Post"
The Diary Of Anne Frank by Anne Frank Paperback Book The Cheap Fast Free Post
"The African Trilogy: Things Fall Apart / No Longer... by Achebe, Chinua Hardback"
"1776 by Mccullough, David Book The Cheap Fast Free Post"
"Why Fonts Matter by Hyndman, Sarah Book The Cheap Fast Free Post"
Chess for Kids: How to Play and Win by Richard James Paperback Book The Cheap
"Spy x Family Vol 1: Volume 1 by Endo, Tatsuya Book The Cheap Fast Free Post"
"Tornado: In the Eye of the Storm by Nichol, John Book The Cheap Fast Free Post"
"John Piper, Myfanwy Piper: Lives in Art by Spalding, Frances Paperback Book The"
"The Hairy Bikers' One Pot Wonders: Over 100 delicious new fa... by Bikers, Hairy"
"The Explosive Child: A New Approach for Understa... by Greene, Ross W. Paperback"
Sew-Your-Own Rag Doll Book by Cath Kidston Book The Cheap Fast Free Post
"Murder on the Orient Express (Poirot) by Christie, Agatha Paperback Book The"
Adolf-Hitler Book (Autobiography) *NEW & SEALED*
"Illustrated Book of Herbs, The: Their Medicinal and Culinary Uses by Volak, Jan"
"Nick and Charlie: A Solitaire Novella (A Heartstopper novella) by Oseman, Alice"
William Morris: A Life for Our Time by Fiona MacCarthy Paperback Book The Cheap
Spiritual Colouring Book (Colouring Books) by Arcturus Publishing Book The Cheap
"The Wire in the Blood (Tony Hill and Carol Jordan) by McDermid, Val Paperback"
Cricket for Dummies by Julian Knight Paperback Book The Cheap Fast Free Post
"Casa Moro: The Second Cookbook by Clark, Samantha Hardback Book The Cheap Fast"
Summer at Buttercup Beach: A gorgeously uplifting and heartwa... by Holly Martin
Herbs for Cooking and Health (Collins Gem) ... by Christine Grey-Wilso Paperback
"The Operator: The Seal Team Operative And The Mission That... by O'Neill, Robert"
"Chakra Clearing: Awakening Your Spiritual Pow... by Virtue PhD, Doreen Paperback"
